date,value
"['2016-01-01T00:00:00', 122]"
"['2016-01-02T00:00:00', 122]"
"['2016-01-03T00:00:00', 119]"
"['2016-01-04T00:00:00', 156]"
"['2016-01-05T00:00:00', 146]"
"['2016-01-06T00:00:00', 128]"
"['2016-01-07T00:00:00', 117]"
"['2016-01-08T00:00:00', 116]"
"['2016-01-09T00:00:00', 114]"
"['2016-01-10T00:00:00', 133]"
"['2016-01-11T00:00:00', 137]"
"['2016-01-12T00:00:00', 127]"
"['2016-01-13T00:00:00', 119]"
"['2016-01-14T00:00:00', 137]"
"['2016-01-15T00:00:00', 134]"
"['2016-01-16T00:00:00', 143]"
"['2016-01-17T00:00:00', 144]"
"['2016-01-18T00:00:00', 151]"
"['2016-01-19T00:00:00', 158]"
"['2016-01-20T00:00:00', 227]"
"['2016-01-21T00:00:00', 205]"
"['2016-01-22T00:00:00', 148]"
"['2016-01-23T00:00:00', 143]"
"['2016-01-24T00:00:00', 124]"
"['2016-01-25T00:00:00', 138]"
"['2016-01-26T00:00:00', 148]"
"['2016-01-27T00:00:00', 148]"
"['2016-01-28T00:00:00', 143]"
"['2016-01-29T00:00:00', 138]"
"['2016-01-30T00:00:00', 154]"
"['2016-01-31T00:00:00', 148]"
"['2016-02-01T00:00:00', 113]"
"['2016-02-02T00:00:00', 96]"
"['2016-02-03T00:00:00', 113]"
"['2016-02-04T00:00:00', 129]"
"['2016-02-05T00:00:00', 151]"
"['2016-02-06T00:00:00', 176]"
"['2016-02-07T00:00:00', 184]"
"['2016-02-08T00:00:00', 202]"
"['2016-02-09T00:00:00', 223]"
"['2016-02-10T00:00:00', 206]"
"['2016-02-11T00:00:00', 188]"
"['2016-02-12T00:00:00', 184]"
"['2016-02-13T00:00:00', 154]"
"['2016-02-14T00:00:00', 149]"
"['2016-02-15T00:00:00', 207]"
"['2016-02-16T00:00:00', 219]"
"['2016-02-17T00:00:00', 186]"
"['2016-02-18T00:00:00', 156]"
"['2016-02-19T00:00:00', 146]"
"['2016-02-20T00:00:00', 146]"
"['2016-02-21T00:00:00', 150]"
"['2016-02-22T00:00:00', 163]"
"['2016-02-23T00:00:00', 188]"
"['2016-02-24T00:00:00', 202]"
"['2016-02-25T00:00:00', 191]"
"['2016-02-26T00:00:00', 174]"
"['2016-02-27T00:00:00', 171]"
"['2016-02-28T00:00:00', 169]"
"['2016-02-29T00:00:00', 166]"
"['2016-03-01T00:00:00', 161]"
"['2016-03-02T00:00:00', 164]"
"['2016-03-03T00:00:00', 161]"
"['2016-03-04T00:00:00', 158]"
"['2016-03-05T00:00:00', 166]"
"['2016-03-06T00:00:00', 163]"
"['2016-03-07T00:00:00', 141]"
"['2016-03-08T00:00:00', 124]"
"['2016-03-09T00:00:00', 155]"
"['2016-03-10T00:00:00', 169]"
"['2016-03-11T00:00:00', 162]"
"['2016-03-12T00:00:00', 133]"
"['2016-03-13T00:00:00', 140]"
"['2016-03-14T00:00:00', 164]"
"['2016-03-15T00:00:00', 163]"
"['2016-03-16T00:00:00', 187]"
"['2016-03-17T00:00:00', 196]"
"['2016-03-18T00:00:00', 178]"
"['2016-03-19T00:00:00', 163]"
"['2016-03-20T00:00:00', 159]"
"['2016-03-21T00:00:00', 164]"
"['2016-03-22T00:00:00', 170]"
"['2016-03-23T00:00:00', 174]"
"['2016-03-24T00:00:00', 183]"
"['2016-03-25T00:00:00', 176]"
"['2016-03-26T00:00:00', 168]"
"['2016-03-27T00:00:00', 174]"
"['2016-03-28T00:00:00', 166]"
"['2016-03-29T00:00:00', 136]"
"['2016-03-30T00:00:00', 139]"
"['2016-03-31T00:00:00', 146]"
"['2016-04-01T00:00:00', 158]"
"['2016-04-02T00:00:00', 173]"
"['2016-04-03T00:00:00', 179]"
"['2016-04-04T00:00:00', 174]"
"['2016-04-05T00:00:00', 193]"
"['2016-04-06T00:00:00', 198]"
"['2016-04-07T00:00:00', 173]"
"['2016-04-08T00:00:00', 159]"
"['2016-04-09T00:00:00', 161]"
"['2016-04-10T00:00:00', 169]"
"['2016-04-11T00:00:00', 172]"
"['2016-04-12T00:00:00', 172]"
"['2016-04-13T00:00:00', 168]"
"['2016-04-14T00:00:00', 169]"
"['2016-04-15T00:00:00', 173]"
"['2016-04-16T00:00:00', 202]"
"['2016-04-17T00:00:00', 212]"
"['2016-04-18T00:00:00', 223]"
"['2016-04-19T00:00:00', 228]"
"['2016-04-20T00:00:00', 226]"
"['2016-04-21T00:00:00', 213]"
"['2016-04-22T00:00:00', 183]"
"['2016-04-23T00:00:00', 179]"
"['2016-04-24T00:00:00', 176]"
"['2016-04-25T00:00:00', 169]"
"['2016-04-26T00:00:00', 153]"
"['2016-04-27T00:00:00', 168]"
"['2016-04-28T00:00:00', 162]"
"['2016-04-29T00:00:00', 159]"
"['2016-04-30T00:00:00', 161]"
"['2016-05-01T00:00:00', 167]"
"['2016-05-02T00:00:00', 174]"
"['2016-05-03T00:00:00', 183]"
"['2016-05-04T00:00:00', 169]"
"['2016-05-05T00:00:00', 172]"
"['2016-05-06T00:00:00', 163]"
"['2016-05-07T00:00:00', 169]"
"['2016-05-08T00:00:00', 171]"
"['2016-05-09T00:00:00', 168]"
"['2016-05-10T00:00:00', 171]"
"['2016-05-11T00:00:00', 182]"
"['2016-05-12T00:00:00', 174]"
"['2016-05-13T00:00:00', 177]"
"['2016-05-14T00:00:00', 179]"
"['2016-05-15T00:00:00', 179]"
"['2016-05-16T00:00:00', 178]"
"['2016-05-17T00:00:00', 184]"
"['2016-05-18T00:00:00', 191]"
"['2016-05-19T00:00:00', 177]"
"['2016-05-20T00:00:00', 175]"
"['2016-05-21T00:00:00', 166]"
"['2016-05-22T00:00:00', 169]"
"['2016-05-23T00:00:00', 172]"
"['2016-05-24T00:00:00', 176]"
"['2016-05-25T00:00:00', 176]"
"['2016-05-26T00:00:00', 174]"
"['2016-05-27T00:00:00', 179]"
"['2016-05-28T00:00:00', 178]"
"['2016-05-29T00:00:00', 181]"
"['2016-05-30T00:00:00', 179]"
"['2016-05-31T00:00:00', 173]"
"['2016-06-01T00:00:00', 178]"
"['2016-06-02T00:00:00', 203]"
"['2016-06-03T00:00:00', 193]"
"['2016-06-04T00:00:00', 189]"
"['2016-06-05T00:00:00', 182]"
"['2016-06-06T00:00:00', 176]"
"['2016-06-07T00:00:00', 182]"
"['2016-06-08T00:00:00', 183]"
"['2016-06-09T00:00:00', 179]"
"['2016-06-10T00:00:00', 186]"
"['2016-06-11T00:00:00', 179]"
"['2016-06-12T00:00:00', 185]"
"['2016-06-13T00:00:00', 183]"
"['2016-06-14T00:00:00', 176]"
"['2016-06-15T00:00:00', 182]"
"['2016-06-16T00:00:00', 189]"
"['2016-06-17T00:00:00', 216]"
"['2016-06-18T00:00:00', 238]"
"['2016-06-19T00:00:00', 268]"
"['2016-06-20T00:00:00', 289]"
"['2016-06-21T00:00:00', 234]"
"['2016-06-22T00:00:00', 217]"
"['2016-06-23T00:00:00', 208]"
"['2016-06-24T00:00:00', 206]"
"['2016-06-25T00:00:00', 202]"
"['2016-06-26T00:00:00', 214]"
"['2016-06-27T00:00:00', 222]"
"['2016-06-28T00:00:00', 236]"
"['2016-06-29T00:00:00', 227]"
"['2016-06-30T00:00:00', 219]"
"['2016-07-01T00:00:00', 212]"
"['2016-07-02T00:00:00', 198]"
"['2016-07-03T00:00:00', 199]"
"['2016-07-04T00:00:00', 205]"
"['2016-07-05T00:00:00', 212]"
"['2016-07-06T00:00:00', 209]"
"['2016-07-07T00:00:00', 211]"
"['2016-07-08T00:00:00', 212]"
"['2016-07-09T00:00:00', 214]"
"['2016-07-10T00:00:00', 225]"
"['2016-07-11T00:00:00', 221]"
"['2016-07-12T00:00:00', 221]"
"['2016-07-13T00:00:00', 220]"
"['2016-07-14T00:00:00', 218]"
"['2016-07-15T00:00:00', 217]"
"['2016-07-16T00:00:00', 219]"
"['2016-07-17T00:00:00', 215]"
"['2016-07-18T00:00:00', 219]"
"['2016-07-19T00:00:00', 230]"
"['2016-07-20T00:00:00', 249]"
"['2016-07-21T00:00:00', 258]"
"['2016-07-22T00:00:00', 262]"
"['2016-07-23T00:00:00', 258]"
"['2016-07-24T00:00:00', 230]"
"['2016-07-25T00:00:00', 243]"
"['2016-07-26T00:00:00', 257]"
"['2016-07-27T00:00:00', 254]"
"['2016-07-28T00:00:00', 252]"
"['2016-07-29T00:00:00', 251]"
"['2016-07-30T00:00:00', 241]"
"['2016-07-31T00:00:00', 235]"
"['2016-08-01T00:00:00', 242]"
"['2016-08-02T00:00:00', 233]"
"['2016-08-03T00:00:00', 231]"
"['2016-08-04T00:00:00', 234]"
"['2016-08-05T00:00:00', 220]"
"['2016-08-06T00:00:00', 218]"
"['2016-08-07T00:00:00', 221]"
"['2016-08-08T00:00:00', 212]"
"['2016-08-09T00:00:00', 212]"
"['2016-08-10T00:00:00', 223]"
"['2016-08-11T00:00:00', 221]"
"['2016-08-12T00:00:00', 224]"
"['2016-08-13T00:00:00', 232]"
"['2016-08-14T00:00:00', 242]"
"['2016-08-15T00:00:00', 250]"
"['2016-08-16T00:00:00', 237]"
"['2016-08-17T00:00:00', 226]"
"['2016-08-18T00:00:00', 210]"
"['2016-08-19T00:00:00', 216]"
"['2016-08-20T00:00:00', 214]"
"['2016-08-21T00:00:00', 217]"
"['2016-08-22T00:00:00', 218]"
"['2016-08-23T00:00:00', 219]"
"['2016-08-24T00:00:00', 224]"
"['2016-08-25T00:00:00', 213]"
"['2016-08-26T00:00:00', 202]"
"['2016-08-27T00:00:00', 205]"
"['2016-08-28T00:00:00', 216]"
"['2016-08-29T00:00:00', 227]"
"['2016-08-30T00:00:00', 232]"
"['2016-08-31T00:00:00', 235]"
"['2016-09-01T00:00:00', 220]"
"['2016-09-02T00:00:00', 214]"
"['2016-09-03T00:00:00', 209]"
"['2016-09-04T00:00:00', 207]"
"['2016-09-05T00:00:00', 201]"
"['2016-09-06T00:00:00', 206]"
"['2016-09-07T00:00:00', 201]"
"['2016-09-08T00:00:00', 211]"
"['2016-09-09T00:00:00', 213]"
"['2016-09-10T00:00:00', 212]"
"['2016-09-11T00:00:00', 211]"
"['2016-09-12T00:00:00', 198]"
"['2016-09-13T00:00:00', 196]"
"['2016-09-14T00:00:00', 191]"
"['2016-09-15T00:00:00', 196]"
"['2016-09-16T00:00:00', 203]"
"['2016-09-17T00:00:00', 206]"
"['2016-09-18T00:00:00', 217]"
"['2016-09-19T00:00:00', 219]"
"['2016-09-20T00:00:00', 238]"
"['2016-09-21T00:00:00', 247]"
"['2016-09-22T00:00:00', 217]"
"['2016-09-23T00:00:00', 198]"
"['2016-09-24T00:00:00', 224]"
"['2016-09-25T00:00:00', 249]"
"['2016-09-26T00:00:00', 284]"
"['2016-09-27T00:00:00', 281]"
"['2016-09-28T00:00:00', 262]"
"['2016-09-29T00:00:00', 263]"
"['2016-09-30T00:00:00', 248]"
"['2016-10-01T00:00:00', 239]"
"['2016-10-02T00:00:00', 204]"
"['2016-10-03T00:00:00', 196]"
"['2016-10-04T00:00:00', 192]"
"['2016-10-05T00:00:00', 187]"
"['2016-10-06T00:00:00', 197]"
"['2016-10-07T00:00:00', 217]"
"['2016-10-08T00:00:00', 230]"
"['2016-10-09T00:00:00', 227]"
"['2016-10-10T00:00:00', 223]"
"['2016-10-11T00:00:00', 188]"
"['2016-10-12T00:00:00', 178]"
"['2016-10-13T00:00:00', 176]"
"['2016-10-14T00:00:00', 183]"
"['2016-10-15T00:00:00', 191]"
"['2016-10-16T00:00:00', 207]"
"['2016-10-17T00:00:00', 196]"
"['2016-10-18T00:00:00', 187]"
"['2016-10-19T00:00:00', 209]"
"['2016-10-20T00:00:00', 255]"
"['2016-10-21T00:00:00', 236]"
"['2016-10-22T00:00:00', 209]"
"['2016-10-23T00:00:00', 193]"
"['2016-10-24T00:00:00', 199]"
"['2016-10-25T00:00:00', 187]"
"['2016-10-26T00:00:00', 187]"
"['2016-10-27T00:00:00', 197]"
"['2016-10-28T00:00:00', 209]"
"['2016-10-29T00:00:00', 206]"
"['2016-10-30T00:00:00', 202]"
"['2016-10-31T00:00:00', 174]"
"['2016-11-01T00:00:00', 163]"
"['2016-11-02T00:00:00', 178]"
"['2016-11-03T00:00:00', 203]"
"['2016-11-04T00:00:00', 193]"
"['2016-11-05T00:00:00', 190]"
"['2016-11-06T00:00:00', 172]"
"['2016-11-07T00:00:00', 172]"
"['2016-11-08T00:00:00', 207]"
"['2016-11-09T00:00:00', 243]"
"['2016-11-10T00:00:00', 252]"
"['2016-11-11T00:00:00', 221]"
"['2016-11-12T00:00:00', 213]"
"['2016-11-13T00:00:00', 214]"
"['2016-11-14T00:00:00', 212]"
"['2016-11-15T00:00:00', 183]"
"['2016-11-16T00:00:00', 170]"
"['2016-11-17T00:00:00', 164]"
"['2016-11-18T00:00:00', 174]"
"['2016-11-19T00:00:00', 157]"
"['2016-11-20T00:00:00', 154]"
"['2016-11-21T00:00:00', 152]"
"['2016-11-22T00:00:00', 153]"
"['2016-11-23T00:00:00', 151]"
"['2016-11-24T00:00:00', 172]"
"['2016-11-25T00:00:00', 165]"
"['2016-11-26T00:00:00', 128]"
"['2016-11-27T00:00:00', 123]"
"['2016-11-28T00:00:00', 127]"
"['2016-11-29T00:00:00', 139]"
"['2016-11-30T00:00:00', 132]"
"['2016-12-01T00:00:00', 132]"
"['2016-12-02T00:00:00', 132]"
"['2016-12-03T00:00:00', 141]"
"['2016-12-04T00:00:00', 129]"
"['2016-12-05T00:00:00', 134]"
"['2016-12-06T00:00:00', 142]"
"['2016-12-07T00:00:00', 134]"
"['2016-12-08T00:00:00', 136]"
"['2016-12-09T00:00:00', 139]"
"['2016-12-10T00:00:00', 155]"
"['2016-12-11T00:00:00', 162]"
"['2016-12-12T00:00:00', 165]"
"['2016-12-13T00:00:00', 159]"
"['2016-12-14T00:00:00', 146]"
"['2016-12-15T00:00:00', 147]"
"['2016-12-16T00:00:00', 150]"
"['2016-12-17T00:00:00', 117]"
"['2016-12-18T00:00:00', 104]"
"['2016-12-19T00:00:00', 121]"
"['2016-12-20T00:00:00', 149]"
"['2016-12-21T00:00:00', 169]"
"['2016-12-22T00:00:00', 144]"
"['2016-12-23T00:00:00', 144]"
"['2016-12-24T00:00:00', 128]"
"['2016-12-25T00:00:00', 93]"
"['2016-12-26T00:00:00', 102]"
"['2016-12-27T00:00:00', 129]"
"['2016-12-28T00:00:00', 147]"
"['2016-12-29T00:00:00', 163]"
"['2016-12-30T00:00:00', 163]"
"['2016-12-31T00:00:00', 141]"
"['2017-01-01T00:00:00', 98]"
"['2017-01-02T00:00:00', 116]"
"['2017-01-03T00:00:00', 112]"
"['2017-01-04T00:00:00', 115]"
"['2017-01-05T00:00:00', 144]"
"['2017-01-06T00:00:00', 135]"
"['2017-01-07T00:00:00', 141]"
"['2017-01-08T00:00:00', 161]"
"['2017-01-09T00:00:00', 156]"
"['2017-01-10T00:00:00', 133]"
"['2017-01-11T00:00:00', 152]"
"['2017-01-12T00:00:00', 136]"
"['2017-01-13T00:00:00', 119]"
"['2017-01-14T00:00:00', 130]"
"['2017-01-15T00:00:00', 137]"
"['2017-01-16T00:00:00', 140]"
"['2017-01-17T00:00:00', 123]"
"['2017-01-18T00:00:00', 122]"
"['2017-01-19T00:00:00', 136]"
"['2017-01-20T00:00:00', 131]"
"['2017-01-21T00:00:00', 122]"
"['2017-01-22T00:00:00', 117]"
"['2017-01-23T00:00:00', 128]"
"['2017-01-24T00:00:00', 89]"
"['2017-01-25T00:00:00', 96]"
"['2017-01-26T00:00:00', 102]"
"['2017-01-27T00:00:00', 123]"
"['2017-01-28T00:00:00', 126]"
"['2017-01-29T00:00:00', 149]"
"['2017-01-30T00:00:00', 171]"
"['2017-01-31T00:00:00', 152]"
"['2017-02-01T00:00:00', 133]"
"['2017-02-02T00:00:00', 136]"
"['2017-02-03T00:00:00', 144]"
"['2017-02-04T00:00:00', 150]"
"['2017-02-05T00:00:00', 139]"
"['2017-02-06T00:00:00', 133]"
"['2017-02-07T00:00:00', 159]"
"['2017-02-08T00:00:00', 167]"
"['2017-02-09T00:00:00', 163]"
"['2017-02-10T00:00:00', 154]"
"['2017-02-11T00:00:00', 155]"
"['2017-02-12T00:00:00', 141]"
"['2017-02-13T00:00:00', 161]"
"['2017-02-14T00:00:00', 148]"
"['2017-02-15T00:00:00', 156]"
"['2017-02-16T00:00:00', 147]"
"['2017-02-17T00:00:00', 152]"
"['2017-02-18T00:00:00', 126]"
"['2017-02-19T00:00:00', 131]"
"['2017-02-20T00:00:00', 136]"
"['2017-02-21T00:00:00', 168]"
"['2017-02-22T00:00:00', 152]"
"['2017-02-23T00:00:00', 128]"
"['2017-02-24T00:00:00', 109]"
"['2017-02-25T00:00:00', 109]"
"['2017-02-26T00:00:00', 117]"
"['2017-02-27T00:00:00', 119]"
"['2017-02-28T00:00:00', 125]"
"['2017-03-01T00:00:00', 139]"
"['2017-03-02T00:00:00', 168]"
"['2017-03-03T00:00:00', 181]"
"['2017-03-04T00:00:00', 158]"
"['2017-03-05T00:00:00', 143]"
"['2017-03-06T00:00:00', 119]"
"['2017-03-07T00:00:00', 139]"
"['2017-03-08T00:00:00', 177]"
"['2017-03-09T00:00:00', 192]"
"['2017-03-10T00:00:00', 194]"
"['2017-03-11T00:00:00', 185]"
"['2017-03-12T00:00:00', 164]"
"['2017-03-13T00:00:00', 168]"
"['2017-03-14T00:00:00', 169]"
"['2017-03-15T00:00:00', 186]"
"['2017-03-16T00:00:00', 173]"
"['2017-03-17T00:00:00', 166]"
"['2017-03-18T00:00:00', 165]"
"['2017-03-19T00:00:00', 166]"
"['2017-03-20T00:00:00', 163]"
"['2017-03-21T00:00:00', 159]"
"['2017-03-22T00:00:00', 162]"
"['2017-03-23T00:00:00', 160]"
"['2017-03-24T00:00:00', 154]"
"['2017-03-25T00:00:00', 159]"
"['2017-03-26T00:00:00', 155]"
"['2017-03-27T00:00:00', 164]"
"['2017-03-28T00:00:00', 183]"
"['2017-03-29T00:00:00', 192]"
"['2017-03-30T00:00:00', 184]"
"['2017-03-31T00:00:00', 177]"
"['2017-04-01T00:00:00', 164]"
"['2017-04-02T00:00:00', 175]"
"['2017-04-03T00:00:00', 154]"
"['2017-04-04T00:00:00', 167]"
"['2017-04-05T00:00:00', 183]"
"['2017-04-06T00:00:00', 177]"
"['2017-04-07T00:00:00', 168]"
"['2017-04-08T00:00:00', 166]"
"['2017-04-09T00:00:00', 151]"
"['2017-04-10T00:00:00', 166]"
"['2017-04-11T00:00:00', 169]"
"['2017-04-12T00:00:00', 171]"
"['2017-04-13T00:00:00', 173]"
"['2017-04-14T00:00:00', 155]"
"['2017-04-15T00:00:00', 165]"
"['2017-04-16T00:00:00', 181]"
"['2017-04-17T00:00:00', 175]"
"['2017-04-18T00:00:00', 189]"
"['2017-04-19T00:00:00', 189]"
"['2017-04-20T00:00:00', 183]"
"['2017-04-21T00:00:00', 201]"
"['2017-04-22T00:00:00', 222]"
"['2017-04-23T00:00:00', 201]"
"['2017-04-24T00:00:00', 182]"
"['2017-04-25T00:00:00', 184]"
"['2017-04-26T00:00:00', 187]"
"['2017-04-27T00:00:00', 179]"
"['2017-04-28T00:00:00', 216]"
"['2017-04-29T00:00:00', 238]"
"['2017-04-30T00:00:00', 212]"
"['2017-05-01T00:00:00', 203]"
"['2017-05-02T00:00:00', 201]"
"['2017-05-03T00:00:00', 198]"
"['2017-05-04T00:00:00', 206]"
"['2017-05-05T00:00:00', 173]"
"['2017-05-06T00:00:00', 166]"
"['2017-05-07T00:00:00', 136]"
"['2017-05-08T00:00:00', 142]"
"['2017-05-09T00:00:00', 168]"
"['2017-05-10T00:00:00', 171]"
"['2017-05-11T00:00:00', 182]"
"['2017-05-12T00:00:00', 169]"
"['2017-05-13T00:00:00', 180]"
"['2017-05-14T00:00:00', 170]"
"['2017-05-15T00:00:00', 161]"
"['2017-05-16T00:00:00', 157]"
"['2017-05-17T00:00:00', 163]"
"['2017-05-18T00:00:00', 179]"
"['2017-05-19T00:00:00', 211]"
"['2017-05-20T00:00:00', 234]"
"['2017-05-21T00:00:00', 223]"
"['2017-05-22T00:00:00', 197]"
"['2017-05-23T00:00:00', 193]"
"['2017-05-24T00:00:00', 175]"
"['2017-05-25T00:00:00', 170]"
"['2017-05-26T00:00:00', 182]"
"['2017-05-27T00:00:00', 180]"
"['2017-05-28T00:00:00', 185]"
"['2017-05-29T00:00:00', 181]"
"['2017-05-30T00:00:00', 171]"
"['2017-05-31T00:00:00', 170]"
"['2017-06-01T00:00:00', 184]"
"['2017-06-02T00:00:00', 192]"
"['2017-06-03T00:00:00', 182]"
"['2017-06-04T00:00:00', 178]"
"['2017-06-05T00:00:00', 168]"
"['2017-06-06T00:00:00', 174]"
"['2017-06-07T00:00:00', 175]"
"['2017-06-08T00:00:00', 179]"
"['2017-06-09T00:00:00', 180]"
"['2017-06-10T00:00:00', 185]"
"['2017-06-11T00:00:00', 177]"
"['2017-06-12T00:00:00', 179]"
"['2017-06-13T00:00:00', 190]"
"['2017-06-14T00:00:00', 211]"
"['2017-06-15T00:00:00', 218]"
"['2017-06-16T00:00:00', 226]"
"['2017-06-17T00:00:00', 226]"
"['2017-06-18T00:00:00', 214]"
"['2017-06-19T00:00:00', 217]"
"['2017-06-20T00:00:00', 216]"
"['2017-06-21T00:00:00', 213]"
"['2017-06-22T00:00:00', 196]"
"['2017-06-23T00:00:00', 197]"
"['2017-06-24T00:00:00', 200]"
"['2017-06-25T00:00:00', 227]"
"['2017-06-26T00:00:00', 232]"
"['2017-06-27T00:00:00', 234]"
"['2017-06-28T00:00:00', 205]"
"['2017-06-29T00:00:00', 192]"
"['2017-06-30T00:00:00', 192]"
"['2017-07-01T00:00:00', 195]"
"['2017-07-02T00:00:00', 194]"
"['2017-07-03T00:00:00', 207]"
"['2017-07-04T00:00:00', 223]"
"['2017-07-05T00:00:00', 219]"
"['2017-07-06T00:00:00', 228]"
"['2017-07-07T00:00:00', 244]"
"['2017-07-08T00:00:00', 247]"
"['2017-07-09T00:00:00', 249]"
"['2017-07-10T00:00:00', 241]"
"['2017-07-11T00:00:00', 241]"
"['2017-07-12T00:00:00', 231]"
"['2017-07-13T00:00:00', 226]"
"['2017-07-14T00:00:00', 219]"
"['2017-07-15T00:00:00', 223]"
"['2017-07-16T00:00:00', 221]"
"['2017-07-17T00:00:00', 222]"
"['2017-07-18T00:00:00', 229]"
"['2017-07-19T00:00:00', 235]"
"['2017-07-20T00:00:00', 238]"
"['2017-07-21T00:00:00', 231]"
"['2017-07-22T00:00:00', 230]"
"['2017-07-23T00:00:00', 234]"
"['2017-07-24T00:00:00', 227]"
"['2017-07-25T00:00:00', 231]"
"['2017-07-26T00:00:00', 232]"
"['2017-07-27T00:00:00', 234]"
"['2017-07-28T00:00:00', 219]"
"['2017-07-29T00:00:00', 221]"
"['2017-07-30T00:00:00', 229]"
"['2017-07-31T00:00:00', 221]"
"['2017-08-01T00:00:00', 233]"
"['2017-08-02T00:00:00', 254]"
"['2017-08-03T00:00:00', 267]"
"['2017-08-04T00:00:00', 259]"
"['2017-08-05T00:00:00', 233]"
"['2017-08-06T00:00:00', 234]"
"['2017-08-07T00:00:00', 226]"
"['2017-08-08T00:00:00', 231]"
"['2017-08-09T00:00:00', 227]"
"['2017-08-10T00:00:00', 229]"
"['2017-08-11T00:00:00', 232]"
"['2017-08-12T00:00:00', 218]"
"['2017-08-13T00:00:00', 219]"
"['2017-08-14T00:00:00', 216]"
"['2017-08-15T00:00:00', 208]"
"['2017-08-16T00:00:00', 208]"
"['2017-08-17T00:00:00', 214]"
"['2017-08-18T00:00:00', 217]"
"['2017-08-19T00:00:00', 215]"
"['2017-08-20T00:00:00', 216]"
"['2017-08-21T00:00:00', 221]"
"['2017-08-22T00:00:00', 222]"
"['2017-08-23T00:00:00', 215]"
"['2017-08-24T00:00:00', 207]"
"['2017-08-25T00:00:00', 206]"
"['2017-08-26T00:00:00', 222]"
"['2017-08-27T00:00:00', 226]"
"['2017-08-28T00:00:00', 232]"
"['2017-08-29T00:00:00', 241]"
"['2017-08-30T00:00:00', 253]"
"['2017-08-31T00:00:00', 267]"
"['2017-09-01T00:00:00', 277]"
"['2017-09-02T00:00:00', 272]"
"['2017-09-03T00:00:00', 285]"
"['2017-09-04T00:00:00', 239]"
"['2017-09-05T00:00:00', 239]"
"['2017-09-06T00:00:00', 239]"
"['2017-09-07T00:00:00', 233]"
"['2017-09-08T00:00:00', 224]"
"['2017-09-09T00:00:00', 224]"
"['2017-09-10T00:00:00', 232]"
"['2017-09-11T00:00:00', 246]"
"['2017-09-12T00:00:00', 235]"
"['2017-09-13T00:00:00', 216]"
"['2017-09-14T00:00:00', 208]"
"['2017-09-15T00:00:00', 207]"
"['2017-09-16T00:00:00', 209]"
"['2017-09-17T00:00:00', 207]"
"['2017-09-18T00:00:00', 202]"
"['2017-09-19T00:00:00', 211]"
"['2017-09-20T00:00:00', 206]"
"['2017-09-21T00:00:00', 207]"
"['2017-09-22T00:00:00', 186]"
"['2017-09-23T00:00:00', 186]"
"['2017-09-24T00:00:00', 204]"
"['2017-09-25T00:00:00', 226]"
"['2017-09-26T00:00:00', 217]"
"['2017-09-27T00:00:00', 214]"
"['2017-09-28T00:00:00', 219]"
"['2017-09-29T00:00:00', 216]"
"['2017-09-30T00:00:00', 209]"
"['2017-10-01T00:00:00', 202]"
"['2017-10-02T00:00:00', 199]"
"['2017-10-03T00:00:00', 199]"
"['2017-10-04T00:00:00', 194]"
"['2017-10-05T00:00:00', 199]"
"['2017-10-06T00:00:00', 219]"
"['2017-10-07T00:00:00', 231]"
"['2017-10-08T00:00:00', 212]"
"['2017-10-09T00:00:00', 207]"
"['2017-10-10T00:00:00', 212]"
"['2017-10-11T00:00:00', 194]"
"['2017-10-12T00:00:00', 197]"
"['2017-10-13T00:00:00', 187]"
"['2017-10-14T00:00:00', 197]"
"['2017-10-15T00:00:00', 232]"
"['2017-10-16T00:00:00', 249]"
"['2017-10-17T00:00:00', 244]"
"['2017-10-18T00:00:00', 231]"
"['2017-10-19T00:00:00', 215]"
"['2017-10-20T00:00:00', 198]"
"['2017-10-21T00:00:00', 191]"
"['2017-10-22T00:00:00', 226]"
"['2017-10-23T00:00:00', 262]"
"['2017-10-24T00:00:00', 291]"
"['2017-10-25T00:00:00', 301]"
"['2017-10-26T00:00:00', 251]"
"['2017-10-27T00:00:00', 223]"
"['2017-10-28T00:00:00', 199]"
"['2017-10-29T00:00:00', 182]"
"['2017-10-30T00:00:00', 186]"
"['2017-10-31T00:00:00', 186]"
"['2017-11-01T00:00:00', 188]"
"['2017-11-02T00:00:00', 183]"
"['2017-11-03T00:00:00', 178]"
"['2017-11-04T00:00:00', 181]"
"['2017-11-05T00:00:00', 186]"
"['2017-11-06T00:00:00', 177]"
"['2017-11-07T00:00:00', 188]"
"['2017-11-08T00:00:00', 184]"
"['2017-11-09T00:00:00', 191]"
"['2017-11-10T00:00:00', 181]"
"['2017-11-11T00:00:00', 165]"
"['2017-11-12T00:00:00', 167]"
"['2017-11-13T00:00:00', 166]"
"['2017-11-14T00:00:00', 169]"
"['2017-11-15T00:00:00', 182]"
"['2017-11-16T00:00:00', 194]"
"['2017-11-17T00:00:00', 202]"
"['2017-11-18T00:00:00', 182]"
"['2017-11-19T00:00:00', 173]"
"['2017-11-20T00:00:00', 159]"
"['2017-11-21T00:00:00', 192]"
"['2017-11-22T00:00:00', 229]"
"['2017-11-23T00:00:00', 243]"
"['2017-11-24T00:00:00', 206]"
"['2017-11-25T00:00:00', 187]"
"['2017-11-26T00:00:00', 169]"
"['2017-11-27T00:00:00', 166]"
"['2017-11-28T00:00:00', 155]"
"['2017-11-29T00:00:00', 163]"
"['2017-11-30T00:00:00', 156]"
"['2017-12-01T00:00:00', 157]"
"['2017-12-02T00:00:00', 164]"
"['2017-12-03T00:00:00', 153]"
"['2017-12-04T00:00:00', 154]"
"['2017-12-05T00:00:00', 159]"
"['2017-12-06T00:00:00', 159]"
"['2017-12-07T00:00:00', 173]"
"['2017-12-08T00:00:00', 182]"
"['2017-12-09T00:00:00', 179]"
"['2017-12-10T00:00:00', 196]"
"['2017-12-11T00:00:00', 205]"
"['2017-12-12T00:00:00', 179]"
"['2017-12-13T00:00:00', 167]"
"['2017-12-14T00:00:00', 148]"
"['2017-12-15T00:00:00', 172]"
"['2017-12-16T00:00:00', 154]"
"['2017-12-17T00:00:00', 146]"
"['2017-12-18T00:00:00', 154]"
"['2017-12-19T00:00:00', 136]"
"['2017-12-20T00:00:00', 126]"
"['2017-12-21T00:00:00', 126]"
"['2017-12-22T00:00:00', 111]"
"['2017-12-23T00:00:00', 122]"
"['2017-12-24T00:00:00', 137]"
"['2017-12-25T00:00:00', 123]"
"['2017-12-26T00:00:00', 129]"
"['2017-12-27T00:00:00', 137]"
"['2017-12-28T00:00:00', 149]"
"['2017-12-29T00:00:00', 159]"
"['2017-12-30T00:00:00', 153]"
"['2017-12-31T00:00:00', 129]"
"['2018-01-01T00:00:00', 131]"
"['2018-01-02T00:00:00', 154]"
"['2018-01-03T00:00:00', 159]"
"['2018-01-04T00:00:00', 166]"
"['2018-01-05T00:00:00', 175]"
"['2018-01-06T00:00:00', 168]"
"['2018-01-07T00:00:00', 170]"
"['2018-01-08T00:00:00', 177]"
"['2018-01-09T00:00:00', 158]"
"['2018-01-10T00:00:00', 134]"
"['2018-01-11T00:00:00', 145]"
"['2018-01-12T00:00:00', 154]"
"['2018-01-13T00:00:00', 183]"
"['2018-01-14T00:00:00', 213]"
"['2018-01-15T00:00:00', 171]"
"['2018-01-16T00:00:00', 159]"
"['2018-01-17T00:00:00', 168]"
"['2018-01-18T00:00:00', 169]"
"['2018-01-19T00:00:00', 168]"
"['2018-01-20T00:00:00', 149]"
"['2018-01-21T00:00:00', 123]"
"['2018-01-22T00:00:00', 133]"
"['2018-01-23T00:00:00', 154]"
"['2018-01-24T00:00:00', 164]"
"['2018-01-25T00:00:00', 138]"
"['2018-01-26T00:00:00', 134]"
"['2018-01-27T00:00:00', 146]"
"['2018-01-28T00:00:00', 187]"
"['2018-01-29T00:00:00', 222]"
"['2018-01-30T00:00:00', 221]"
"['2018-01-31T00:00:00', 181]"
"['2018-02-01T00:00:00', 166]"
"['2018-02-02T00:00:00', 179]"
"['2018-02-03T00:00:00', 183]"
"['2018-02-04T00:00:00', 174]"
"['2018-02-05T00:00:00', 167]"
"['2018-02-06T00:00:00', 154]"
"['2018-02-07T00:00:00', 163]"
"['2018-02-08T00:00:00', 181]"
"['2018-02-09T00:00:00', 164]"
"['2018-02-10T00:00:00', 159]"
"['2018-02-11T00:00:00', 153]"
"['2018-02-12T00:00:00', 158]"
"['2018-02-13T00:00:00', 140]"
"['2018-02-14T00:00:00', 163]"
"['2018-02-15T00:00:00', 168]"
"['2018-02-16T00:00:00', 166]"
"['2018-02-17T00:00:00', 166]"
"['2018-02-18T00:00:00', 155]"
"['2018-02-19T00:00:00', 139]"
"['2018-02-20T00:00:00', 107]"
"['2018-02-21T00:00:00', 117]"
"['2018-02-22T00:00:00', 119]"
"['2018-02-23T00:00:00', 127]"
"['2018-02-24T00:00:00', 112]"
"['2018-02-25T00:00:00', 128]"
"['2018-02-26T00:00:00', 132]"
"['2018-02-27T00:00:00', 122]"
"['2018-02-28T00:00:00', 103]"
"['2018-03-01T00:00:00', 124]"
"['2018-03-02T00:00:00', 133]"
"['2018-03-03T00:00:00', 137]"
"['2018-03-04T00:00:00', 123]"
"['2018-03-05T00:00:00', 147]"
"['2018-03-06T00:00:00', 173]"
"['2018-03-07T00:00:00', 164]"
"['2018-03-08T00:00:00', 158]"
"['2018-03-09T00:00:00', 162]"
"['2018-03-10T00:00:00', 156]"
"['2018-03-11T00:00:00', 158]"
"['2018-03-12T00:00:00', 174]"
"['2018-03-13T00:00:00', 173]"
"['2018-03-14T00:00:00', 169]"
"['2018-03-15T00:00:00', 157]"
"['2018-03-16T00:00:00', 142]"
"['2018-03-17T00:00:00', 144]"
"['2018-03-18T00:00:00', 126]"
"['2018-03-19T00:00:00', 156]"
"['2018-03-20T00:00:00', 172]"
"['2018-03-21T00:00:00', 171]"
"['2018-03-22T00:00:00', 182]"
"['2018-03-23T00:00:00', 162]"
"['2018-03-24T00:00:00', 149]"
"['2018-03-25T00:00:00', 146]"
"['2018-03-26T00:00:00', 143]"
"['2018-03-27T00:00:00', 167]"
"['2018-03-28T00:00:00', 171]"
"['2018-03-29T00:00:00', 169]"
"['2018-03-30T00:00:00', 166]"
"['2018-03-31T00:00:00', 158]"
"['2018-04-01T00:00:00', 153]"
"['2018-04-02T00:00:00', 163]"
"['2018-04-03T00:00:00', 169]"
"['2018-04-04T00:00:00', 156]"
"['2018-04-05T00:00:00', 155]"
"['2018-04-06T00:00:00', 171]"
"['2018-04-07T00:00:00', 175]"
"['2018-04-08T00:00:00', 175]"
"['2018-04-09T00:00:00', 213]"
"['2018-04-10T00:00:00', 227]"
"['2018-04-11T00:00:00', 205]"
"['2018-04-12T00:00:00', 179]"
"['2018-04-13T00:00:00', 190]"
"['2018-04-14T00:00:00', 207]"
"['2018-04-15T00:00:00', 194]"
"['2018-04-16T00:00:00', 171]"
"['2018-04-17T00:00:00', 156]"
"['2018-04-18T00:00:00', 165]"
"['2018-04-19T00:00:00', 151]"
"['2018-04-20T00:00:00', 161]"
"['2018-04-21T00:00:00', 191]"
"['2018-04-22T00:00:00', 193]"
"['2018-04-23T00:00:00', 182]"
"['2018-04-24T00:00:00', 161]"
"['2018-04-25T00:00:00', 171]"
"['2018-04-26T00:00:00', 161]"
"['2018-04-27T00:00:00', 158]"
"['2018-04-28T00:00:00', 164]"
"['2018-04-29T00:00:00', 171]"
"['2018-04-30T00:00:00', 165]"
"['2018-05-01T00:00:00', 151]"
"['2018-05-02T00:00:00', 147]"
"['2018-05-03T00:00:00', 162]"
"['2018-05-04T00:00:00', 202]"
"['2018-05-05T00:00:00', 216]"
"['2018-05-06T00:00:00', 204]"
"['2018-05-07T00:00:00', 176]"
"['2018-05-08T00:00:00', 171]"
"['2018-05-09T00:00:00', 183]"
"['2018-05-10T00:00:00', 184]"
"['2018-05-11T00:00:00', 171]"
"['2018-05-12T00:00:00', 164]"
"['2018-05-13T00:00:00', 173]"
"['2018-05-14T00:00:00', 174]"
"['2018-05-15T00:00:00', 171]"
"['2018-05-16T00:00:00', 172]"
"['2018-05-17T00:00:00', 171]"
"['2018-05-18T00:00:00', 173]"
"['2018-05-19T00:00:00', 172]"
"['2018-05-20T00:00:00', 176]"
"['2018-05-21T00:00:00', 172]"
"['2018-05-22T00:00:00', 172]"
"['2018-05-23T00:00:00', 174]"
"['2018-05-24T00:00:00', 171]"
"['2018-05-25T00:00:00', 175]"
"['2018-05-26T00:00:00', 174]"
"['2018-05-27T00:00:00', 180]"
"['2018-05-28T00:00:00', 182]"
"['2018-05-29T00:00:00', 176]"
"['2018-05-30T00:00:00', 171]"
"['2018-05-31T00:00:00', 188]"
"['2018-06-01T00:00:00', 182]"
"['2018-06-02T00:00:00', 197]"
"['2018-06-03T00:00:00', 209]"
"['2018-06-04T00:00:00', 189]"
"['2018-06-05T00:00:00', 177]"
"['2018-06-06T00:00:00', 191]"
"['2018-06-07T00:00:00', 188]"
"['2018-06-08T00:00:00', 204]"
"['2018-06-09T00:00:00', 209]"
"['2018-06-10T00:00:00', 209]"
"['2018-06-11T00:00:00', 214]"
"['2018-06-12T00:00:00', 214]"
"['2018-06-13T00:00:00', 209]"
"['2018-06-14T00:00:00', 210]"
"['2018-06-15T00:00:00', 210]"
"['2018-06-16T00:00:00', 191]"
"['2018-06-17T00:00:00', 181]"
"['2018-06-18T00:00:00', 188]"
"['2018-06-19T00:00:00', 193]"
"['2018-06-20T00:00:00', 192]"
"['2018-06-21T00:00:00', 191]"
"['2018-06-22T00:00:00', 202]"
"['2018-06-23T00:00:00', 188]"
"['2018-06-24T00:00:00', 184]"
"['2018-06-25T00:00:00', 199]"
"['2018-06-26T00:00:00', 206]"
"['2018-06-27T00:00:00', 203]"
"['2018-06-28T00:00:00', 202]"
"['2018-06-29T00:00:00', 200]"
"['2018-06-30T00:00:00', 200]"
"['2018-07-01T00:00:00', 196]"
"['2018-07-02T00:00:00', 213]"
"['2018-07-03T00:00:00', 206]"
"['2018-07-04T00:00:00', 214]"
"['2018-07-05T00:00:00', 227]"
"['2018-07-06T00:00:00', 277]"
"['2018-07-07T00:00:00', 285]"
"['2018-07-08T00:00:00', 264]"
"['2018-07-09T00:00:00', 258]"
"['2018-07-10T00:00:00', 243]"
"['2018-07-11T00:00:00', 247]"
"['2018-07-12T00:00:00', 253]"
"['2018-07-13T00:00:00', 247]"
"['2018-07-14T00:00:00', 244]"
"['2018-07-15T00:00:00', 237]"
"['2018-07-16T00:00:00', 237]"
"['2018-07-17T00:00:00', 234]"
"['2018-07-18T00:00:00', 234]"
"['2018-07-19T00:00:00', 235]"
"['2018-07-20T00:00:00', 239]"
"['2018-07-21T00:00:00', 239]"
"['2018-07-22T00:00:00', 245]"
"['2018-07-23T00:00:00', 257]"
"['2018-07-24T00:00:00', 259]"
"['2018-07-25T00:00:00', 250]"
"['2018-07-26T00:00:00', 229]"
"['2018-07-27T00:00:00', 233]"
"['2018-07-28T00:00:00', 236]"
"['2018-07-29T00:00:00', 244]"
"['2018-07-30T00:00:00', 258]"
"['2018-07-31T00:00:00', 261]"
"['2018-08-01T00:00:00', 266]"
"['2018-08-02T00:00:00', 256]"
"['2018-08-03T00:00:00', 254]"
"['2018-08-04T00:00:00', 246]"
"['2018-08-05T00:00:00', 248]"
"['2018-08-06T00:00:00', 254]"
"['2018-08-07T00:00:00', 259]"
"['2018-08-08T00:00:00', 271]"
"['2018-08-09T00:00:00', 278]"
"['2018-08-10T00:00:00', 272]"
"['2018-08-11T00:00:00', 274]"
"['2018-08-12T00:00:00', 252]"
"['2018-08-13T00:00:00', 242]"
"['2018-08-14T00:00:00', 236]"
"['2018-08-15T00:00:00', 238]"
"['2018-08-16T00:00:00', 239]"
"['2018-08-17T00:00:00', 243]"
"['2018-08-18T00:00:00', 242]"
"['2018-08-19T00:00:00', 242]"
"['2018-08-20T00:00:00', 243]"
"['2018-08-21T00:00:00', 238]"
"['2018-08-22T00:00:00', 242]"
"['2018-08-23T00:00:00', 239]"
"['2018-08-24T00:00:00', 230]"
"['2018-08-25T00:00:00', 227]"
"['2018-08-26T00:00:00', 231]"
"['2018-08-27T00:00:00', 222]"
"['2018-08-28T00:00:00', 222]"
"['2018-08-29T00:00:00', 237]"
"['2018-08-30T00:00:00', 238]"
"['2018-08-31T00:00:00', 227]"
"['2018-09-01T00:00:00', 227]"
"['2018-09-02T00:00:00', 216]"
"['2018-09-03T00:00:00', 222]"
"['2018-09-04T00:00:00', 225]"
"['2018-09-05T00:00:00', 223]"
"['2018-09-06T00:00:00', 213]"
"['2018-09-07T00:00:00', 218]"
"['2018-09-08T00:00:00', 221]"
"['2018-09-09T00:00:00', 219]"
"['2018-09-10T00:00:00', 219]"
"['2018-09-11T00:00:00', 216]"
"['2018-09-12T00:00:00', 218]"
"['2018-09-13T00:00:00', 226]"
"['2018-09-14T00:00:00', 237]"
"['2018-09-15T00:00:00', 234]"
"['2018-09-16T00:00:00', 228]"
"['2018-09-17T00:00:00', 227]"
"['2018-09-18T00:00:00', 213]"
"['2018-09-19T00:00:00', 204]"
"['2018-09-20T00:00:00', 203]"
"['2018-09-21T00:00:00', 206]"
"['2018-09-22T00:00:00', 219]"
"['2018-09-23T00:00:00', 214]"
"['2018-09-24T00:00:00', 203]"
"['2018-09-25T00:00:00', 191]"
"['2018-09-26T00:00:00', 197]"
"['2018-09-27T00:00:00', 213]"
"['2018-09-28T00:00:00', 201]"
"['2018-09-29T00:00:00', 207]"
"['2018-09-30T00:00:00', 211]"
"['2018-10-01T00:00:00', 243]"
"['2018-10-02T00:00:00', 239]"
"['2018-10-03T00:00:00', 217]"
"['2018-10-04T00:00:00', 216]"
"['2018-10-05T00:00:00', 207]"
"['2018-10-06T00:00:00', 197]"
"['2018-10-07T00:00:00', 201]"
"['2018-10-08T00:00:00', 201]"
"['2018-10-09T00:00:00', 204]"
"['2018-10-10T00:00:00', 194]"
"['2018-10-11T00:00:00', 199]"
"['2018-10-12T00:00:00', 202]"
"['2018-10-13T00:00:00', 188]"
"['2018-10-14T00:00:00', 182]"
"['2018-10-15T00:00:00', 204]"
"['2018-10-16T00:00:00', 200]"
"['2018-10-17T00:00:00', 202]"
"['2018-10-18T00:00:00', 211]"
"['2018-10-19T00:00:00', 228]"
"['2018-10-20T00:00:00', 239]"
"['2018-10-21T00:00:00', 214]"
"['2018-10-22T00:00:00', 201]"
"['2018-10-23T00:00:00', 198]"
"['2018-10-24T00:00:00', 198]"
"['2018-10-25T00:00:00', 203]"
"['2018-10-26T00:00:00', 211]"
"['2018-10-27T00:00:00', 203]"
"['2018-10-28T00:00:00', 184]"
"['2018-10-29T00:00:00', 186]"
"['2018-10-30T00:00:00', 193]"
"['2018-10-31T00:00:00', 196]"
"['2018-11-01T00:00:00', 201]"
"['2018-11-02T00:00:00', 216]"
"['2018-11-03T00:00:00', 213]"
"['2018-11-04T00:00:00', 207]"
"['2018-11-05T00:00:00', 189]"
"['2018-11-06T00:00:00', 196]"
"['2018-11-07T00:00:00', 189]"
"['2018-11-08T00:00:00', 188]"
"['2018-11-09T00:00:00', 203]"
"['2018-11-10T00:00:00', 187]"
"['2018-11-11T00:00:00', 164]"
"['2018-11-12T00:00:00', 179]"
"['2018-11-13T00:00:00', 184]"
"['2018-11-14T00:00:00', 201]"
"['2018-11-15T00:00:00', 188]"
"['2018-11-16T00:00:00', 179]"
"['2018-11-17T00:00:00', 168]"
"['2018-11-18T00:00:00', 174]"
"['2018-11-19T00:00:00', 167]"
"['2018-11-20T00:00:00', 166]"
"['2018-11-21T00:00:00', 164]"
"['2018-11-22T00:00:00', 174]"
"['2018-11-23T00:00:00', 166]"
"['2018-11-24T00:00:00', 169]"
"['2018-11-25T00:00:00', 178]"
"['2018-11-26T00:00:00', 184]"
"['2018-11-27T00:00:00', 176]"
"['2018-11-28T00:00:00', 163]"
"['2018-11-29T00:00:00', 171]"
"['2018-11-30T00:00:00', 159]"
"['2018-12-01T00:00:00', 146]"
"['2018-12-02T00:00:00', 154]"
"['2018-12-03T00:00:00', 139]"
"['2018-12-04T00:00:00', 150]"
"['2018-12-05T00:00:00', 138]"
"['2018-12-06T00:00:00', 129]"
"['2018-12-07T00:00:00', 147]"
"['2018-12-08T00:00:00', 154]"
"['2018-12-09T00:00:00', 157]"
"['2018-12-10T00:00:00', 154]"
"['2018-12-11T00:00:00', 152]"
"['2018-12-12T00:00:00', 142]"
"['2018-12-13T00:00:00', 153]"
"['2018-12-14T00:00:00', 157]"
"['2018-12-15T00:00:00', 156]"
"['2018-12-16T00:00:00', 139]"
"['2018-12-17T00:00:00', 153]"
"['2018-12-18T00:00:00', 156]"
"['2018-12-19T00:00:00', 151]"
"['2018-12-20T00:00:00', 153]"
"['2018-12-21T00:00:00', 155]"
"['2018-12-22T00:00:00', 147]"
"['2018-12-23T00:00:00', 142]"
"['2018-12-24T00:00:00', 152]"
"['2018-12-25T00:00:00', 163]"
"['2018-12-26T00:00:00', 137]"
"['2018-12-27T00:00:00', 132]"
"['2018-12-28T00:00:00', 125]"
"['2018-12-29T00:00:00', 109]"
"['2018-12-30T00:00:00', 111]"
"['2018-12-31T00:00:00', 127]"
"['2019-01-01T00:00:00', 128]"
"['2019-01-02T00:00:00', 105]"
"['2019-01-03T00:00:00', 114]"
"['2019-01-04T00:00:00', 116]"
"['2019-01-05T00:00:00', 123]"
"['2019-01-06T00:00:00', 124]"
"['2019-01-07T00:00:00', 132]"
"['2019-01-08T00:00:00', 146]"
"['2019-01-09T00:00:00', 143]"
"['2019-01-10T00:00:00', 137]"
"['2019-01-11T00:00:00', 139]"
"['2019-01-12T00:00:00', 133]"
"['2019-01-13T00:00:00', 120]"
"['2019-01-14T00:00:00', 128]"
"['2019-01-15T00:00:00', 127]"
"['2019-01-16T00:00:00', 136]"
"['2019-01-17T00:00:00', 164]"
"['2019-01-18T00:00:00', 151]"
"['2019-01-19T00:00:00', 160]"
"['2019-01-20T00:00:00', 172]"
"['2019-01-21T00:00:00', 156]"
"['2019-01-22T00:00:00', 133]"
"['2019-01-23T00:00:00', 133]"
"['2019-01-24T00:00:00', 146]"
"['2019-01-25T00:00:00', 167]"
"['2019-01-26T00:00:00', 171]"
"['2019-01-27T00:00:00', 164]"
"['2019-01-28T00:00:00', 154]"
"['2019-01-29T00:00:00', 162]"
"['2019-01-30T00:00:00', 152]"
"['2019-01-31T00:00:00', 144]"
"['2019-02-01T00:00:00', 131]"
"['2019-02-02T00:00:00', 144]"
"['2019-02-03T00:00:00', 125]"
"['2019-02-04T00:00:00', 134]"
"['2019-02-05T00:00:00', 123]"
"['2019-02-06T00:00:00', 102]"
"['2019-02-07T00:00:00', 103]"
"['2019-02-08T00:00:00', 110]"
"['2019-02-09T00:00:00', 114]"
"['2019-02-10T00:00:00', 113]"
"['2019-02-11T00:00:00', 97]"
"['2019-02-12T00:00:00', 112]"
"['2019-02-13T00:00:00', 132]"
"['2019-02-14T00:00:00', 141]"
"['2019-02-15T00:00:00', 132]"
"['2019-02-16T00:00:00', 127]"
"['2019-02-17T00:00:00', 118]"
"['2019-02-18T00:00:00', 104]"
"['2019-02-19T00:00:00', 96]"
"['2019-02-20T00:00:00', 98]"
"['2019-02-21T00:00:00', 108]"
"['2019-02-22T00:00:00', 87]"
"['2019-02-23T00:00:00', 110]"
"['2019-02-24T00:00:00', 124]"
"['2019-02-25T00:00:00', 130]"
"['2019-02-26T00:00:00', 128]"
"['2019-02-27T00:00:00', 142]"
"['2019-02-28T00:00:00', 158]"
"['2019-03-01T00:00:00', 157]"
"['2019-03-02T00:00:00', 149]"
"['2019-03-03T00:00:00', 154]"
"['2019-03-04T00:00:00', 145]"
"['2019-03-05T00:00:00', 134]"
"['2019-03-06T00:00:00', 148]"
"['2019-03-07T00:00:00', 146]"
"['2019-03-08T00:00:00', 132]"
"['2019-03-09T00:00:00', 124]"
"['2019-03-10T00:00:00', 123]"
"['2019-03-11T00:00:00', 132]"
"['2019-03-12T00:00:00', 157]"
"['2019-03-13T00:00:00', 141]"
"['2019-03-14T00:00:00', 149]"
"['2019-03-15T00:00:00', 166]"
"['2019-03-16T00:00:00', 184]"
"['2019-03-17T00:00:00', 202]"
"['2019-03-18T00:00:00', 184]"
"['2019-03-19T00:00:00', 146]"
"['2019-03-20T00:00:00', 161]"
"['2019-03-21T00:00:00', 141]"
"['2019-03-22T00:00:00', 137]"
"['2019-03-23T00:00:00', 152]"
"['2019-03-24T00:00:00', 161]"
"['2019-03-25T00:00:00', 164]"
"['2019-03-26T00:00:00', 158]"
"['2019-03-27T00:00:00', 164]"
"['2019-03-28T00:00:00', 170]"
"['2019-03-29T00:00:00', 160]"
"['2019-03-30T00:00:00', 177]"
"['2019-03-31T00:00:00', 196]"
"['2019-04-01T00:00:00', 211]"
"['2019-04-02T00:00:00', 185]"
"['2019-04-03T00:00:00', 167]"
"['2019-04-04T00:00:00', 161]"
"['2019-04-05T00:00:00', 164]"
"['2019-04-06T00:00:00', 171]"
"['2019-04-07T00:00:00', 179]"
"['2019-04-08T00:00:00', 211]"
"['2019-04-09T00:00:00', 203]"
"['2019-04-10T00:00:00', 201]"
"['2019-04-11T00:00:00', 174]"
"['2019-04-12T00:00:00', 169]"
"['2019-04-13T00:00:00', 179]"
"['2019-04-14T00:00:00', 180]"
"['2019-04-15T00:00:00', 153]"
"['2019-04-16T00:00:00', 156]"
"['2019-04-17T00:00:00', 166]"
"['2019-04-18T00:00:00', 191]"
"['2019-04-19T00:00:00', 180]"
"['2019-04-20T00:00:00', 159]"
"['2019-04-21T00:00:00', 162]"
"['2019-04-22T00:00:00', 166]"
"['2019-04-23T00:00:00', 174]"
"['2019-04-24T00:00:00', 179]"
"['2019-04-25T00:00:00', 174]"
"['2019-04-26T00:00:00', 172]"
"['2019-04-27T00:00:00', 166]"
"['2019-04-28T00:00:00', 168]"
"['2019-04-29T00:00:00', 166]"
"['2019-04-30T00:00:00', 167]"
"['2019-05-01T00:00:00', 166]"
"['2019-05-02T00:00:00', 173]"
"['2019-05-03T00:00:00', 173]"
"['2019-05-04T00:00:00', 177]"
"['2019-05-05T00:00:00', 174]"
"['2019-05-06T00:00:00', 173]"
"['2019-05-07T00:00:00', 173]"
"['2019-05-08T00:00:00', 171]"
"['2019-05-09T00:00:00', 173]"
"['2019-05-10T00:00:00', 171]"
"['2019-05-11T00:00:00', 183]"
"['2019-05-12T00:00:00', 186]"
"['2019-05-13T00:00:00', 180]"
"['2019-05-14T00:00:00', 186]"
"['2019-05-15T00:00:00', 179]"
"['2019-05-16T00:00:00', 176]"
"['2019-05-17T00:00:00', 169]"
"['2019-05-18T00:00:00', 169]"
"['2019-05-19T00:00:00', 153]"
"['2019-05-20T00:00:00', 169]"
"['2019-05-21T00:00:00', 170]"
"['2019-05-22T00:00:00', 167]"
"['2019-05-23T00:00:00', 161]"
"['2019-05-24T00:00:00', 170]"
"['2019-05-25T00:00:00', 172]"
"['2019-05-26T00:00:00', 161]"
"['2019-05-27T00:00:00', 150]"
"['2019-05-28T00:00:00', 164]"
"['2019-05-29T00:00:00', 182]"
"['2019-05-30T00:00:00', 183]"
"['2019-05-31T00:00:00', 172]"
"['2019-06-01T00:00:00', 169]"
"['2019-06-02T00:00:00', 171]"
"['2019-06-03T00:00:00', 179]"
"['2019-06-04T00:00:00', 174]"
"['2019-06-05T00:00:00', 176]"
"['2019-06-06T00:00:00', 182]"
"['2019-06-07T00:00:00', 179]"
"['2019-06-08T00:00:00', 183]"
"['2019-06-09T00:00:00', 194]"
"['2019-06-10T00:00:00', 225]"
"['2019-06-11T00:00:00', 223]"
"['2019-06-12T00:00:00', 218]"
"['2019-06-13T00:00:00', 191]"
"['2019-06-14T00:00:00', 183]"
"['2019-06-15T00:00:00', 189]"
"['2019-06-16T00:00:00', 194]"
"['2019-06-17T00:00:00', 188]"
"['2019-06-18T00:00:00', 183]"
"['2019-06-19T00:00:00', 201]"
"['2019-06-20T00:00:00', 196]"
"['2019-06-21T00:00:00', 190]"
"['2019-06-22T00:00:00', 198]"
"['2019-06-23T00:00:00', 201]"
"['2019-06-24T00:00:00', 190]"
"['2019-06-25T00:00:00', 188]"
"['2019-06-26T00:00:00', 194]"
"['2019-06-27T00:00:00', 202]"
"['2019-06-28T00:00:00', 206]"
"['2019-06-29T00:00:00', 213]"
"['2019-06-30T00:00:00', 231]"
"['2019-07-01T00:00:00', 222]"
"['2019-07-02T00:00:00', 216]"
"['2019-07-03T00:00:00', 213]"
"['2019-07-04T00:00:00', 209]"
"['2019-07-05T00:00:00', 204]"
"['2019-07-06T00:00:00', 204]"
"['2019-07-07T00:00:00', 192]"
"['2019-07-08T00:00:00', 198]"
"['2019-07-09T00:00:00', 213]"
"['2019-07-10T00:00:00', 209]"
"['2019-07-11T00:00:00', 213]"
"['2019-07-12T00:00:00', 218]"
"['2019-07-13T00:00:00', 212]"
"['2019-07-14T00:00:00', 214]"
"['2019-07-15T00:00:00', 217]"
"['2019-07-16T00:00:00', 221]"
"['2019-07-17T00:00:00', 213]"
"['2019-07-18T00:00:00', 217]"
"['2019-07-19T00:00:00', 213]"
"['2019-07-20T00:00:00', 222]"
"['2019-07-21T00:00:00', 222]"
"['2019-07-22T00:00:00', 221]"
"['2019-07-23T00:00:00', 261]"
"['2019-07-24T00:00:00', 279]"
"['2019-07-25T00:00:00', 266]"
"['2019-07-26T00:00:00', 265]"
"['2019-07-27T00:00:00', 261]"
"['2019-07-28T00:00:00', 241]"
"['2019-07-29T00:00:00', 224]"
"['2019-07-30T00:00:00', 228]"
"['2019-07-31T00:00:00', 227]"
"['2019-08-01T00:00:00', 232]"
"['2019-08-02T00:00:00', 232]"
"['2019-08-03T00:00:00', 240]"
"['2019-08-04T00:00:00', 238]"
"['2019-08-05T00:00:00', 234]"
"['2019-08-06T00:00:00', 240]"
"['2019-08-07T00:00:00', 224]"
"['2019-08-08T00:00:00', 218]"
"['2019-08-09T00:00:00', 217]"
"['2019-08-10T00:00:00', 220]"
"['2019-08-11T00:00:00', 223]"
"['2019-08-12T00:00:00', 213]"
"['2019-08-13T00:00:00', 226]"
"['2019-08-14T00:00:00', 222]"
"['2019-08-15T00:00:00', 222]"
"['2019-08-16T00:00:00', 209]"
"['2019-08-17T00:00:00', 212]"
"['2019-08-18T00:00:00', 219]"
"['2019-08-19T00:00:00', 223]"
"['2019-08-20T00:00:00', 226]"
"['2019-08-21T00:00:00', 237]"
"['2019-08-22T00:00:00', 233]"
"['2019-08-23T00:00:00', 218]"
"['2019-08-24T00:00:00', 239]"
"['2019-08-25T00:00:00', 251]"
"['2019-08-26T00:00:00', 260]"
"['2019-08-27T00:00:00', 245]"
"['2019-08-28T00:00:00', 236]"
"['2019-08-29T00:00:00', 244]"
"['2019-08-30T00:00:00', 256]"
"['2019-08-31T00:00:00', 249]"
"['2019-09-01T00:00:00', 235]"
"['2019-09-02T00:00:00', 246]"
"['2019-09-03T00:00:00', 271]"
"['2019-09-04T00:00:00', 279]"
"['2019-09-05T00:00:00', 274]"
"['2019-09-06T00:00:00', 272]"
"['2019-09-07T00:00:00', 259]"
"['2019-09-08T00:00:00', 229]"
"['2019-09-09T00:00:00', 228]"
"['2019-09-10T00:00:00', 223]"
"['2019-09-11T00:00:00', 223]"
"['2019-09-12T00:00:00', 236]"
"['2019-09-13T00:00:00', 253]"
"['2019-09-14T00:00:00', 256]"
"['2019-09-15T00:00:00', 247]"
"['2019-09-16T00:00:00', 229]"
"['2019-09-17T00:00:00', 228]"
"['2019-09-18T00:00:00', 223]"
"['2019-09-19T00:00:00', 222]"
"['2019-09-20T00:00:00', 222]"
"['2019-09-21T00:00:00', 229]"
"['2019-09-22T00:00:00', 244]"
"['2019-09-23T00:00:00', 229]"
"['2019-09-24T00:00:00', 227]"
"['2019-09-25T00:00:00', 234]"
"['2019-09-26T00:00:00', 226]"
"['2019-09-27T00:00:00', 226]"
"['2019-09-28T00:00:00', 214]"
"['2019-09-29T00:00:00', 201]"
"['2019-09-30T00:00:00', 190]"
"['2019-10-01T00:00:00', 190]"
"['2019-10-02T00:00:00', 201]"
"['2019-10-03T00:00:00', 201]"
"['2019-10-04T00:00:00', 193]"
"['2019-10-05T00:00:00', 207]"
"['2019-10-06T00:00:00', 216]"
"['2019-10-07T00:00:00', 221]"
"['2019-10-08T00:00:00', 205]"
"['2019-10-09T00:00:00', 198]"
"['2019-10-10T00:00:00', 207]"
"['2019-10-11T00:00:00', 233]"
"['2019-10-12T00:00:00', 224]"
"['2019-10-13T00:00:00', 194]"
"['2019-10-14T00:00:00', 192]"
"['2019-10-15T00:00:00', 201]"
"['2019-10-16T00:00:00', 216]"
"['2019-10-17T00:00:00', 206]"
"['2019-10-18T00:00:00', 203]"
"['2019-10-19T00:00:00', 197]"
"['2019-10-20T00:00:00', 209]"
"['2019-10-21T00:00:00', 249]"
"['2019-10-22T00:00:00', 254]"
"['2019-10-23T00:00:00', 238]"
"['2019-10-24T00:00:00', 248]"
"['2019-10-25T00:00:00', 284]"
"['2019-10-26T00:00:00', 233]"
"['2019-10-27T00:00:00', 201]"
"['2019-10-28T00:00:00', 187]"
"['2019-10-29T00:00:00', 174]"
"['2019-10-30T00:00:00', 179]"
"['2019-10-31T00:00:00', 182]"
"['2019-11-01T00:00:00', 189]"
"['2019-11-02T00:00:00', 181]"
"['2019-11-03T00:00:00', 174]"
"['2019-11-04T00:00:00', 182]"
"['2019-11-05T00:00:00', 175]"
"['2019-11-06T00:00:00', 164]"
"['2019-11-07T00:00:00', 173]"
"['2019-11-08T00:00:00', 187]"
"['2019-11-09T00:00:00', 209]"
"['2019-11-10T00:00:00', 181]"
"['2019-11-11T00:00:00', 173]"
"['2019-11-12T00:00:00', 171]"
"['2019-11-13T00:00:00', 164]"
"['2019-11-14T00:00:00', 160]"
"['2019-11-15T00:00:00', 161]"
"['2019-11-16T00:00:00', 161]"
"['2019-11-17T00:00:00', 197]"
"['2019-11-18T00:00:00', 223]"
"['2019-11-19T00:00:00', 201]"
"['2019-11-20T00:00:00', 157]"
"['2019-11-21T00:00:00', 134]"
"['2019-11-22T00:00:00', 148]"
"['2019-11-23T00:00:00', 168]"
"['2019-11-24T00:00:00', 169]"
"['2019-11-25T00:00:00', 143]"
"['2019-11-26T00:00:00', 146]"
"['2019-11-27T00:00:00', 136]"
"['2019-11-28T00:00:00', 103]"
"['2019-11-29T00:00:00', 86]"
"['2019-11-30T00:00:00', 102]"
"['2019-12-01T00:00:00', 127]"
"['2019-12-02T00:00:00', 137]"
"['2019-12-03T00:00:00', 140]"
"['2019-12-04T00:00:00', 148]"
"['2019-12-05T00:00:00', 139]"
"['2019-12-06T00:00:00', 148]"
"['2019-12-07T00:00:00', 162]"
"['2019-12-08T00:00:00', 164]"
"['2019-12-09T00:00:00', 141]"
"['2019-12-10T00:00:00', 138]"
"['2019-12-11T00:00:00', 133]"
"['2019-12-12T00:00:00', 144]"
"['2019-12-13T00:00:00', 141]"
"['2019-12-14T00:00:00', 153]"
"['2019-12-15T00:00:00', 139]"
"['2019-12-16T00:00:00', 126]"
"['2019-12-17T00:00:00', 148]"
"['2019-12-18T00:00:00', 118]"
"['2019-12-19T00:00:00', 111]"
"['2019-12-20T00:00:00', 137]"
"['2019-12-21T00:00:00', 149]"
"['2019-12-22T00:00:00', 138]"
"['2019-12-23T00:00:00', 127]"
"['2019-12-24T00:00:00', 108]"
"['2019-12-25T00:00:00', 118]"
"['2019-12-26T00:00:00', 104]"
"['2019-12-27T00:00:00', 95]"
"['2019-12-28T00:00:00', 105]"
"['2019-12-29T00:00:00', 107]"
"['2019-12-30T00:00:00', 126]"
"['2019-12-31T00:00:00', 147]"
